Date,SOXL,SOXL,SOXS,SOXS,SPXL,SPXL
9/19/2016,2.862,5494500,10128,594,23.3675,6420800
9/20/2016,2.826,3736500,10254,726,23.377501,3504800
9/21/2016,2.936667,3955500,9822,514,24.145,6676400
9/22/2016,2.970667,4545000,9702,322,24.6,4320800
9/23/2016,2.876,2404500,10038,252,24.1975,3593200
9/26/2016,2.786667,2850000,10320,356,23.625,6629200
9/27/2016,2.936667,4380000,9780,779,24.055,3959200
9/28/2016,2.956,4860000,9720,623,24.415001,4882800
9/29/2016,3.064667,12943500,9348,1152,23.727501,8038800
9/30/2016,3.207333,7447500,8928,1203,24.295,5385600
10/3/2016,3.140667,3537000,9096,737,24.065001,3846000
10/4/2016,3.116667,4381500,9174,473,23.747499,5207600
10/5/2016,3.189333,3516000,8958,667,24.022499,3939200
10/6/2016,3.244667,4366500,8796,694,24.09,2600800
10/7/2016,3.226,4740000,8844,677,23.842501,5418400
10/10/2016,3.178,4125000,8976,537,24.1875,4122400
10/11/2016,2.979333,11005500,9540,1553,23.305,8120000
10/12/2016,2.946,4563000,9648,955,23.385,5792800
10/13/2016,2.839333,7308000,9996,1816,23.155001,5972000
10/14/2016,2.908667,8758500,9744,880,23.165001,5942000
10/17/2016,2.859333,3201000,9912,500,22.934999,4492400
10/18/2016,2.964,3852000,9540,703,23.3325,5958000
10/19/2016,2.92,4539000,9684,456,23.525,2146000
10/20/2016,2.982667,4458000,9480,521,23.4,4296400
10/21/2016,2.958667,3619500,9558,368,23.43,3824800
10/24/2016,3.123333,4044000,9024,419,23.7075,4127200
10/25/2016,3.116,4288500,9048,653,23.5075,5372000
10/26/2016,3.098,4497000,9090,451,23.352501,4628000
10/27/2016,3.056667,4950000,9204,597,23.16,3555600
10/28/2016,3.004,5382000,9378,933,22.942499,7927200
10/31/2016,3.051333,2971500,9222,361,22.92,3772400
11/1/2016,2.965333,5791500,9468,800,22.450001,8182000
11/2/2016,2.906,6438000,9660,629,22.0275,5886400
11/3/2016,2.886667,5181000,9720,479,21.7325,6000800
11/4/2016,2.836,2907000,9888,574,21.639999,4517600
11/7/2016,3.081333,3789000,9036,543,23.057501,6525200
11/8/2016,3.101333,4149000,8982,461,23.379999,6892000
11/9/2016,3.052,8143500,9108,2433,24.129999,10286800
11/10/2016,2.860667,11700000,9696,1355,24.285,8039600
11/11/2016,3.183333,8976000,8622,1026,24.147499,5265200
11/14/2016,3.13,3526500,8724,441,24.184999,4454000
11/15/2016,3.310667,5700000,8232,482,24.737499,5878000
11/16/2016,3.425333,6178500,7938,474,24.6425,2623600
11/17/2016,3.537333,4744500,7698,434,24.985001,3218000
11/18/2016,3.61,3157500,7524,548,24.815001,2643600
11/21/2016,3.658,4183500,7368,1147,25.362499,2594400
11/22/2016,3.804667,5646000,7122,647,25.530001,4909200
11/23/2016,3.82,3952500,7104,434,25.577499,2710400
11/25/2016,3.836,1351500,7086,124,25.85,2276000
11/28/2016,3.804,2221500,7128,379,25.4925,2604000
11/29/2016,3.782,1993500,7176,464,25.620001,2066800
11/30/2016,3.714,1819500,7290,519,25.4125,4189600
12/1/2016,3.164667,10963500,8370,2124,25.1525,3791200
12/2/2016,3.287333,6096000,8046,1044,25.18,2244800
12/5/2016,3.407333,6199500,7752,780,25.615,3278800
12/6/2016,3.548667,4474500,7422,731,25.875,2393600
12/7/2016,3.773333,6499500,6954,810,26.887501,3237600
12/8/2016,3.87,7072500,6786,840,27.102501,3366800
12/9/2016,3.821333,5371500,6864,873,27.5875,3374800
12/12/2016,3.734667,3918000,7020,716,27.487499,3563200
12/13/2016,3.860667,6130500,6774,754,28.012501,4048000
12/14/2016,3.852,5143500,6804,1166,27.355,6147200
12/15/2016,4.054667,7221000,6426,1657,27.68,4765200
12/16/2016,3.922667,4263000,6636,649,27.5275,4379200
12/19/2016,4.044667,4107000,6438,603,27.6775,2588000
12/20/2016,3.968667,5374500,6264,460,28,2748000
12/21/2016,3.968667,2376000,6246,492,27.790001,2390000
12/22/2016,4.032667,3078000,6162,1167,27.6425,3383200
12/23/2016,4.092667,1362000,6060,572,27.717501,2654000
12/27/2016,4.242,4866000,5838,895,27.9175,1785200
12/28/2016,3.995333,8050500,6186,2332,27.272499,2704800
12/29/2016,3.994667,5998500,6174,1312,27.225,3390800
12/30/2016,3.806667,5214000,6468,1894,26.9375,4903600
1/3/2017,3.812667,6211500,6450,2021,27.5075,3557200
1/4/2017,3.847333,3565500,6396,784,27.995001,3548800
1/5/2017,3.741333,3568500,6564,915,27.93,3352000
1/6/2017,3.831333,4870500,6414,778,28.245001,3386800
1/9/2017,3.954667,5397000,6204,826,27.977501,1995600
1/10/2017,4.014667,3775500,6120,550,27.952499,2475600
1/11/2017,4.052667,3205500,6054,803,28.184999,3181600
1/12/2017,3.948,5007000,6204,1060,27.9825,3253200
1/13/2017,4.022667,4092000,6084,559,28.16,2795600
1/17/2017,3.829333,4072500,6384,980,27.8575,2405600
1/18/2017,3.989333,3651000,6114,630,28.0375,1934800
1/19/2017,3.934667,2694000,6204,453,27.737499,2534800
1/20/2017,4.087333,4134000,5958,1124,28.01,3196800
1/23/2017,4.006667,4033500,6066,859,27.809999,3571600
1/24/2017,4.244667,4725000,5706,1163,28.327499,2754000
1/25/2017,4.431333,5010000,5460,1720,29.030001,3774400
1/26/2017,4.354,3685500,5550,579,28.9625,3257200
1/27/2017,4.519333,3610500,5346,1009,28.8475,2080800
1/30/2017,4.447333,7095000,5424,1180,28.325001,4163600
1/31/2017,4.274,6417000,5640,988,28.2875,2991200
2/1/2017,4.477333,5668500,5364,943,28.325001,3903200
2/2/2017,4.466,4839000,5376,972,28.344999,2627200
2/3/2017,4.543333,2787000,5286,982,28.93,3748400
2/6/2017,4.590667,4750500,5232,1777,28.795,2288400
2/7/2017,4.641333,4060500,5178,1019,28.795,2212400
2/8/2017,4.664,3667500,5148,891,28.889999,1586400
2/9/2017,4.542,5070000,5274,1073,29.4,2447600
2/10/2017,4.531333,5946000,5292,1358,29.74,2306800
2/13/2017,4.563333,4624500,5256,1197,30.2125,2523200
2/14/2017,4.515333,3199500,5304,815,30.605,2172000
2/15/2017,4.628,3541500,5172,1083,31.055,2554800
2/16/2017,4.645333,2700000,5160,1099,30.997499,3195600
2/17/2017,4.72,3577500,5076,777,31.1075,2228400
2/21/2017,4.922667,4737000,4854,742,31.65,2732000
2/22/2017,4.923333,2751000,4848,519,31.602501,2665600
2/23/2017,4.678667,7501500,5094,1374,31.657499,3489200
2/24/2017,4.670667,5176500,5106,1876,31.7875,2390800
2/27/2017,4.805333,3328500,4944,925,31.905001,3122400
2/28/2017,4.619333,4711500,5136,1108,31.645,2719600
3/1/2017,4.836,4848000,4890,1117,32.9575,3872000
3/2/2017,4.686,4126500,5052,1350,32.372501,3061600
3/3/2017,4.677333,3142500,5058,639,32.422501,3098400
3/6/2017,4.684667,3381000,5046,1093,32.119999,2941600
3/7/2017,4.717333,4263000,5016,937,31.8475,3066800
3/8/2017,4.752,4267500,4980,836,31.6625,4086000
3/9/2017,4.774667,2389500,4950,643,31.747499,3416000
3/10/2017,4.939333,4827000,4776,1292,32.055,3942400
3/13/2017,5.054,4614000,4674,812,32.110001,1491200
3/14/2017,5.007333,4156500,4710,575,31.737499,3264400
3/15/2017,5.128667,4375500,4602,1042,32.532501,4504800
3/16/2017,5.108667,2938500,4614,951,32.400002,5068000
3/17/2017,5.136667,2268000,4590,649,32.212502,2408400
3/20/2017,5.251333,3282000,4494,874,32.087502,2757600
3/21/2017,4.886,8511000,4806,2581,30.879999,6515200
3/22/2017,5.042,4558500,4644,2022,31.049999,3771200
3/23/2017,5.003333,3840000,4680,1231,30.959999,3348000
3/24/2017,5.108667,5841000,4572,2299,30.9125,4364000
3/27/2017,5.135333,7363500,4560,1605,30.780001,3237600
3/28/2017,5.186667,4147500,4512,1212,31.432501,2798800
3/29/2017,5.143333,3456000,4548,489,31.5625,2466800
3/30/2017,5.231333,5355000,4470,697,31.8125,2553600
3/31/2017,5.221333,3334500,4476,509,31.5875,2183200
4/3/2017,5.130667,4821000,4554,1146,31.4625,4154400
4/4/2017,5.052,3976500,4620,838,31.512501,4488400
4/5/2017,4.942667,5608500,4722,1358,31.18,4515200
4/6/2017,4.961333,5905500,4704,1658,31.445,1854400
4/7/2017,5.027333,2850000,4644,1073,31.360001,1834000
4/10/2017,4.910667,3631500,4746,1068,31.397499,2067600
4/11/2017,4.791333,7803000,4872,3169,31.3025,2908800
4/12/2017,4.538667,8232000,5112,2360,30.905001,2782800
4/13/2017,4.451333,4864500,5214,1552,30.3025,4100400
4/17/2017,4.625333,5293500,5022,1361,31.067499,2580400
4/18/2017,4.680667,3120000,4956,1404,30.7925,3318800
4/19/2017,4.757333,3657000,4866,1172,30.627501,2571600
4/20/2017,4.985333,5005500,4644,1418,31.3475,2454400
4/21/2017,4.915333,5757000,4698,1454,31.0425,2192000
4/24/2017,5.126667,7372500,4500,2068,32.040001,2588400
4/25/2017,5.286667,4311000,4362,1205,32.607498,2329600
4/26/2017,5.150667,5542500,4464,1338,32.5825,2221600
4/27/2017,5.37,5331000,4278,1485,32.66,2266400
4/28/2017,5.096,7579500,4500,1434,32.439999,2041200
5/1/2017,5.244667,5449500,4365.600098,2945,32.630001,1042100
5/2/2017,5.076,4305000,4506,2032,32.700001,1100100
5/3/2017,5.132,2863500,4455.600098,2820,32.540001,2750700
5/4/2017,5.119333,2571000,4464,3058,32.650002,1366700
5/5/2017,5.174,2940000,4414.799805,2150,33.040001,1258800
5/8/2017,5.116667,1861500,4465.200195,1636,33.049999,1425200
5/9/2017,5.272,4875000,4329.600098,3012,32.970001,1749800
5/10/2017,5.606,6981000,4056,2528,33.110001,699300
5/11/2017,5.662667,3789000,4011.600098,2013,32.93,1253200
5/12/2017,5.714,3030000,3973.199951,1008,32.759998,723000
5/15/2017,5.976,3984000,3793.199951,2483,33.220001,1409300
5/16/2017,6.242667,4143000,3622.800049,2118,33.16,1256900
5/17/2017,5.423333,14551500,4098,6584,31.440001,3034600
5/18/2017,5.734,12283500,3865.199951,4496,31.76,2075500
5/19/2017,5.922667,6928500,3738,2085,32.360001,1548900
5/22/2017,6.112,5236500,3619.199951,2101,32.869999,1140900
5/23/2017,6.041333,4482000,3655.199951,2223,33.080002,1872200
5/24/2017,6.154,3240000,3588,1794,33.299999,943600
5/25/2017,6.257333,3831000,3530.399902,1827,33.77,1614300
5/26/2017,6.332667,4323000,3480,1298,33.799999,885800
5/30/2017,6.459333,4041000,3416.399902,2098,33.700001,559000
5/31/2017,6.457333,6340500,3418.800049,2151,33.650002,1158800
6/1/2017,6.473333,3088500,3410.399902,1082,34.43,1564700
6/2/2017,6.666,5817000,3309.600098,2063,34.740002,1792800
6/5/2017,6.724,4200000,3280.800049,1351,34.66,1483000
6/6/2017,6.790667,5025000,3247.199951,2216,34.360001,1006500
6/7/2017,6.95,6444000,3171.600098,2267,34.560001,1038200
6/8/2017,7.314,7707000,3006,3111,34.599998,1572500
6/9/2017,6.392,32179500,3380.399902,14938,34.450001,2365200
6/12/2017,6.284667,22534500,3434.399902,10536,34.400002,1793200
6/13/2017,6.406,14511000,3370.800049,5125,34.889999,1570000
6/14/2017,6.199333,11181000,3480,3043,34.779999,2799100
6/15/2017,6.05,8821500,3565.199951,4519,34.57,1533600
6/16/2017,5.98,8154000,3602.399902,2331,34.549999,1435300
6/19/2017,6.320667,11425500,3394.800049,3742,35.400002,1888500
6/20/2017,6.110667,8809500,3508.800049,2631,34.75,1043400
6/21/2017,6.318667,6385500,3391.199951,1540,34.700001,781000
6/22/2017,6.271333,7081500,3411.600098,996,34.619999,501600
6/23/2017,6.329333,5433000,3374.399902,1590,34.779999,1366800
6/26/2017,6.172,11284500,3464.399902,3058,34.790001,1472200
6/27/2017,5.673333,13833000,3744,3705,34.009998,3221500
6/28/2017,5.963333,9801000,3546,4039,34.849998,1764400
6/29/2017,5.516,18418500,3816,5618,33.959999,3030800
6/30/2017,5.433333,8343000,3874.800049,3918,34.130001,1723200
7/3/2017,5.2,6811500,4022.399902,1728,34.279999,1307200
7/5/2017,5.53,9180000,3786,3431,34.509998,943700
7/6/2017,5.456667,8092500,3831.600098,3385,33.610001,1423300
7/7/2017,5.724667,7816500,3649.199951,3175,34.200001,1102600
7/10/2017,5.93,6774000,3514.800049,2298,34.299999,820900
7/11/2017,6.069333,7659000,3420,2237,34.25,1443500
7/12/2017,6.358667,14623500,3268.800049,4038,35.009998,1679900
7/13/2017,6.305333,13311000,3295.199951,3140,35.18,993200
7/14/2017,6.557333,9894000,3166.800049,2963,35.619999,1940100
7/17/2017,6.473333,8266500,3204,2425,35.619999,754000
7/18/2017,6.534,5998500,3170.399902,2072,35.68,1209900
7/19/2017,6.709333,6400500,3084,2597,36.259998,1065800
7/20/2017,6.767333,5653500,3060,2326,36.290001,987400
7/21/2017,6.594,6243000,3132,1751,36.220001,1022200
7/24/2017,6.529333,5100000,3166.800049,1253,36.169998,846500
7/25/2017,6.525333,6889500,3170.399902,1389,36.439999,1273400
7/26/2017,6.72,7546500,3066,2491,36.439999,1375800
7/27/2017,6.416667,19879500,3210,5543,36.34,1551200
7/28/2017,6.354,4975500,3252,3073,36.189999,1001900
7/31/2017,6.211333,6486000,3314.399902,3836,36.130001,1037600
8/1/2017,6.315333,4021500,3262.800049,2305,36.349998,887400
8/2/2017,6.180667,8943000,3333.600098,4238,36.400002,1110300
8/3/2017,6.107333,5614500,3373.199951,3075,36.220001,743500
8/4/2017,6.114,3673500,3361.199951,2661,36.389999,991100
8/7/2017,6.432,6843000,3188.399902,2933,36.549999,558400
8/8/2017,6.364667,6391500,3223.199951,2941,36.330002,1060500
8/9/2017,6.302,4788000,3254.399902,2120,36.279999,1500700
8/10/2017,5.776,10722000,3520.800049,5754,34.779999,3793900
8/11/2017,5.871333,5586000,3468,3799,34.889999,2538200
8/14/2017,6.326,6805500,3198,3774,35.91,2081100
8/15/2017,6.372667,3964500,3170.399902,1578,35.91,948700
8/16/2017,6.401333,4659000,3159.600098,2379,36.09,1277800
8/17/2017,5.891333,8376000,3404.399902,5663,34.400002,3538900
8/18/2017,5.945333,5275500,3381.600098,3742,34.23,2157700
8/21/2017,5.818,6723000,3454.800049,3642,34.330002,1750600
8/22/2017,6.094,4810500,3286.800049,2225,35.34,1859500
8/23/2017,6.174667,4038000,3247.199951,2493,34.990002,1340600
8/24/2017,6.167333,3655500,3249.600098,1517,34.73,3856300
8/25/2017,6.075333,3156000,3295.199951,3063,34.939999,1189000
8/28/2017,6.122667,2274000,3270,903,34.990002,913100
8/29/2017,6.166,3357000,3247.199951,2254,35.060001,1381500
8/30/2017,6.48,6849000,3079.199951,3635,35.599998,1707200
8/31/2017,6.67,6339000,2990.399902,2838,36.200001,2357000
9/1/2017,6.757333,4966500,2952,1805,36.389999,2154200
9/5/2017,6.471333,7698000,3069.600098,4758,35.599998,2677300
9/6/2017,6.51,3603000,3055.199951,2881,35.919998,2617900
9/7/2017,6.54,2992500,3043.199951,1169,35.93,2012400
9/8/2017,6.298,4530000,3152.399902,2813,35.759998,1071500
9/11/2017,6.667333,6217500,2967.600098,2453,36.880001,1122100
9/12/2017,6.756667,4447500,2929.199951,2848,37.27,1108100
9/13/2017,6.784,3481500,2914.800049,2488,37.34,654000
9/14/2017,6.878667,4311000,2875.199951,3133,37.299999,630400
9/15/2017,7.227333,6129000,2730,3830,37.419998,721700
9/18/2017,7.514,7929000,2622,6910,37.639999,835100
9/19/2017,7.592,4869000,2593.199951,3795,37.75,386600
9/20/2017,7.272,12088500,2698.800049,9138,37.830002,933900
9/21/2017,7.183333,4734000,2736,5733,37.509998,767900
9/22/2017,7.286,3871500,2700,2613,37.509998,591400
9/25/2017,6.862,10708500,2854.800049,4456,37.299999,1759700
9/26/2017,6.85,7134000,2859.600098,3185,37.349998,1117100
9/27/2017,7.33,7663500,2658,3419,37.740002,1751700
9/28/2017,7.494667,4728000,2598,3732,37.880001,931100
9/29/2017,7.684,6090000,2534.399902,4123,38.23,987400
10/2/2017,7.817333,6615000,2488.800049,3044,38.759998,1159800
10/3/2017,7.894667,4030500,2464.800049,2584,39.02,616500
10/4/2017,7.946667,4509000,2449.199951,3794,39.130001,1407400
10/5/2017,7.963333,4539000,2440.800049,2796,39.82,1349100
10/6/2017,8.066667,2910000,2412,2898,39.689999,1158900
10/9/2017,8.235333,4219500,2356.800049,2713,39.52,961100
10/10/2017,8.395333,5818500,2316,3818,39.799999,1020000
10/11/2017,8.56,4752000,2270.399902,3775,39.990002,1247900
10/12/2017,8.473333,4723500,2293.199951,3510,39.799999,1105900
10/13/2017,8.64,4167000,2248.800049,4833,39.93,1724200
10/16/2017,8.764,4827000,2215.199951,4193,40.080002,1329900
10/17/2017,8.744667,2974500,2220,3357,40.16,999900
10/18/2017,8.830667,6814500,2197.199951,7557,40.259998,894700
10/19/2017,8.753333,7495500,2215.199951,8131,40.32,1729700
10/20/2017,8.879333,4353000,2182.800049,4936,40.880001,1932000
10/23/2017,9.022,7243500,2149.199951,6297,40.459999,1741100
10/24/2017,9.206,5085000,2106,3393,40.650002,1370500
10/25/2017,8.846667,12625500,2188.800049,11049,40.07,3105300
10/26/2017,9.005333,5766000,2149.199951,6394,40.200001,1953000
10/27/2017,9.557333,9070500,2012.400024,5986,41.150002,1782700
10/30/2017,9.647333,7716000,1998,4850,40.73,1209800
10/31/2017,9.864,5248500,1948.800049,4043,40.869999,1028600
11/1/2017,9.772,7902000,1969.199951,5513,41.07,1333500
11/2/2017,9.901333,6831000,1942.800049,4179,41.099998,1400900
11/3/2017,10.429333,11805000,1840.800049,9127,41.459999,1464600
11/6/2017,10.873333,10276500,1762.800049,9473,41.630001,1080100
11/7/2017,10.843333,8470500,1767.599976,5937,41.599998,1336700
11/8/2017,10.952667,5565000,1748.400024,3802,41.810001,942900
11/9/2017,10.286,17956500,1852.800049,12923,41.34,2350100
11/10/2017,10.481333,6489000,1821.599976,3987,41.259998,1739200
11/13/2017,10.566667,5070000,1804.800049,3428,41.369999,1050900
11/14/2017,10.537333,6117000,1810.800049,5140,41.099998,1422400
11/15/2017,10.258,8970000,1857.599976,5107,40.459999,1777700
11/16/2017,10.72,7363500,1772.400024,5575,41.459999,2046300
11/17/2017,10.578,6295500,1796.400024,4693,41.130001,1323700
11/20/2017,10.951333,6471000,1732.800049,3515,41.279999,910200
11/21/2017,11.344,9874500,1671.599976,5982,42.099998,1278100
11/22/2017,11.122667,6756000,1702.800049,5400,42.009998,847600
11/24/2017,11.42,6757500,1659.599976,3498,42.25,607400
11/27/2017,10.99,10698000,1718.400024,6518,42.209999,1201000
11/28/2017,10.98,9736500,1722,5031,43.470001,1407300
11/29/2017,9.536667,36519000,1946.400024,22431,43.389999,2649400
11/30/2017,9.713333,14869500,1911.599976,6927,44.48,3116000
12/1/2017,9.380667,19072500,1976.400024,15455,44.25,4092700
12/4/2017,8.7,23742000,2120.399902,15213,44.09,2755000
12/5/2017,8.711333,16374000,2119.199951,12983,43.599998,2137500
12/6/2017,8.799333,10795500,2095.199951,8174,43.59,1445600
12/7/2017,9.056667,9966000,2034,7983,44.009998,1269700
12/8/2017,8.916667,9871500,2066.399902,5110,44.73,1424900
12/11/2017,9.072,5599500,2030.400024,2580,45.139999,1095200
12/12/2017,8.8,5977500,2089.199951,3336,45.389999,1530100
12/13/2017,8.798667,4125000,2092.800049,1631,43.740002,6500900
12/14/2017,8.778667,5094000,2095.199951,2528,43.209999,1298200
12/15/2017,9.169333,10255500,2000.400024,6576,44.27,2130200
12/18/2017,9.787333,15397500,1867.199951,6579,45.139999,1631000
12/19/2017,9.744,8127000,1873.199951,3198,44.52,3155000
12/20/2017,9.948,8721000,1837.199951,4263,44.419998,1792000
12/21/2017,9.626,6909000,1894.800049,2364,44.650002,2038400
12/22/2017,9.600667,3942000,1900.800049,3603,44.599998,1343600
12/26/2017,9.323333,4524000,1953.599976,4097,44.439999,805800
12/27/2017,9.417333,2980500,1933.199951,2196,44.52,1119500
12/28/2017,9.477333,3168000,1922.400024,1253,44.740002,2214100
12/29/2017,9.193333,4132500,1980,3615,44.330002,2493300
1/2/2018,9.951333,9237000,1818,4718,45.189999,1826300
1/3/2018,10.446667,9871500,1725.599976,4725,45.990002,2150800
1/4/2018,10.63,8502000,1695.599976,5488,46.57,2632000
1/5/2018,10.822,7713000,1665.599976,4273,47.450001,1928900
1/8/2018,11.065333,6538500,1627.199951,3301,47.740002,1992500
1/9/2018,10.747333,9009000,1674,6528,48.07,1604800
1/10/2018,10.35,13269000,1734,11169,47.790001,2428300
1/11/2018,10.533333,5524500,1702.800049,3485,48.869999,1926400
1/12/2018,10.696667,5019000,1676.400024,3594,49.82,2582100
1/16/2018,10.811333,9804000,1658.400024,11278,49.290001,5166500
1/17/2018,11.741333,11496000,1515.599976,12746,50.66,2519300
1/18/2018,11.908667,9171000,1495.199951,10607,50.459999,2063900
1/19/2018,11.940667,9315000,1490.400024,6240,51.09,2115700
1/22/2018,12.217333,5620500,1458,4221,52.349998,2418800
1/23/2018,12.494667,6738000,1425.599976,4541,52.700001,2437700
1/24/2018,11.634667,18628500,1520.400024,12345,52.619999,3648000
1/25/2018,11.029333,13167000,1600.800049,13985,52.689999,3116800
1/26/2018,12.075333,12733500,1448.400024,10668,54.48,2219800
1/29/2018,12.036667,9184500,1453.199951,8624,53.41,3100200
1/30/2018,11.304,11923500,1538.400024,16146,51.709999,5671000
1/31/2018,11.594,6891000,1502.400024,7397,51.84,4027500
2/1/2018,11.422667,6895500,1525.199951,10558,51.630001,4293000
2/2/2018,10.468667,13788000,1648.800049,14460,48.27,7028200
2/5/2018,9.068,16929000,1879.199951,22520,42.34,13353200
2/6/2018,10,20614500,1672.800049,17540,44.689999,13332300
2/7/2018,9.334667,12523500,1784.400024,13678,43.919998,9536600
2/8/2018,8.153333,17155500,2010,26471,39.040001,13277100
2/9/2018,8.896,20676000,1833.599976,26044,40.830002,15481900
2/12/2018,9.365333,14100000,1728,8627,42.43,9384500
2/13/2018,9.351333,7440000,1730.400024,5897,42.810001,6607500
2/14/2018,9.979333,11127000,1615.199951,7317,44.52,7033200
2/15/2018,10.348,12339000,1555.199951,11179,46.189999,7578600
2/16/2018,10.230667,7677000,1574.400024,13259,46.200001,7867600
2/20/2018,10.760667,11586000,1489.199951,19513,45.369999,6606200
2/21/2018,10.396,9901500,1542,8301,44.619999,8045400
2/22/2018,10.318667,5809500,1554,15576,44.84,7927800
2/23/2018,10.988667,8178000,1453.199951,9032,46.98,5206600
2/26/2018,11.688,8653500,1358.400024,9535,48.619999,5547900
2/27/2018,11.58,10837500,1372.800049,15353,46.779999,6994400
2/28/2018,11.261333,10170000,1407.599976,15943,45.23,7746500
3/1/2018,10.718,14397000,1477.199951,18689,43.380001,10796400
3/2/2018,11.272,9610500,1400.400024,13165,44.060001,8644000
3/5/2018,11.579333,8790000,1362,8891,45.529999,8260300
3/6/2018,12.102667,12933000,1300.800049,18241,45.889999,5180900
3/7/2018,12.198,9990000,1290,13770,45.860001,7490100
3/8/2018,12.25,8625000,1286.400024,8298,46.509998,4788600
3/9/2018,13.013333,12120000,1203.599976,16956,48.889999,5875100
3/12/2018,13.418667,12079500,1168.800049,14753,48.720001,4652600
3/13/2018,12.792,22048500,1221.599976,23017,47.75,7375300
3/14/2018,12.786667,13102500,1221.599976,20209,47.02,4263700
3/15/2018,12.749333,7572000,1225.199951,9280,46.849998,4193700
3/16/2018,12.739333,4693500,1227.599976,4210,46.959999,4315400
3/19/2018,12.001333,17712000,1298.400024,27660,45.049999,6423900
3/20/2018,12.282,8823000,1264.800049,10933,45.27,3142600
3/21/2018,12.365333,9939000,1256.400024,8575,45.040001,4552800
3/22/2018,11.35,15714000,1359.599976,20914,41.689999,10022300
3/23/2018,10.214667,16557000,1495.199951,29037,38.93,10342200
3/26/2018,11.499333,18847500,1309.199951,18963,42.189999,9041700
3/27/2018,10.217333,23146500,1456.800049,23877,39.919998,7820200
3/28/2018,9.569333,20061000,1548,26950,39.639999,9961400
3/29/2018,10.188,17752500,1447.199951,16308,41.290001,7663100
4/2/2018,9.008,19338000,1612.800049,27232,38.419998,12107000
4/3/2018,9.524,15993000,1520.400024,17558,39.93,9172500
4/4/2018,9.887333,16759500,1460.400024,23271,41.220001,10015100
4/5/2018,9.583333,13840500,1503.599976,20851,42.099998,6809900
4/6/2018,8.708667,13326000,1644,21085,39.34,10687400
4/9/2018,8.868,16462500,1612.800049,19783,39.790001,6741700
4/10/2018,9.720667,18669000,1458,23800,41.790001,7414000
4/11/2018,9.724667,10633500,1456.800049,14756,41.07,6605700
4/12/2018,10.278667,13927500,1372.800049,15083,42.110001,6027000
4/13/2018,10.037333,14283000,1406.400024,18651,41.73,6007900
4/16/2018,10.102,8299500,1398,9699,42.73,3747100
4/17/2018,10.671333,12387000,1317.599976,12138,44.09,4018900
4/18/2018,10.340667,12802500,1359.599976,13936,44.169998,3330000
4/19/2018,9.005333,33981000,1534.800049,33141,43.450001,4214600
4/20/2018,8.682,16249500,1590,23748,42.32,5689900
4/23/2018,8.332667,16278000,1654.800049,18468,42.290001,3243300
4/24/2018,8.13,21633000,1694.400024,29143,40.639999,8778800
4/25/2018,8.101333,20535000,1701.599976,28821,40.869999,4856000
4/26/2018,8.596,17655000,1594.800049,17733,42.099998,5523000
4/27/2018,8.406,13656000,1629.599976,21023,42.200001,4741100
4/30/2018,8.127333,11466000,1684.800049,21506,41.220001,5237100
5/1/2018,8.529333,13552500,1599.599976,29123,41.439999,5157500
5/2/2018,8.412,10189500,1620,9762,40.560001,5284600
5/3/2018,8.564,15442500,1592.400024,28168,40.299999,9825200
5/4/2018,9.181333,19219500,1477.199951,20413,41.849998,5889100
5/7/2018,9.432667,14211000,1437.599976,16396,42.25,4272200
5/8/2018,9.633333,10398000,1406.400024,17618,42.259998,3465300
5/9/2018,10.049333,12400500,1347.599976,16970,43.470001,4047700
5/10/2018,10.586,12277500,1274.400024,16812,44.720001,4701900
5/11/2018,10.333333,11790000,1303.199951,18643,44.970001,2738500
5/14/2018,10.74,13374000,1254,20870,45.110001,2527400
5/15/2018,10.36,10774500,1298.400024,27203,44.209999,6682400
5/16/2018,10.778,10854000,1243.199951,17701,44.790001,5268900
5/17/2018,10.652,8755500,1257.599976,20023,44.650002,4154800
5/18/2018,10.204,9588000,1311.599976,29652,44.310001,1706400
5/21/2018,10.522667,13068000,1269.599976,20898,45.279999,3499200
5/22/2018,10.7,12891000,1249.199951,18453,44.900002,2422200
5/23/2018,10.871333,9612000,1230,18549,45.279999,3009600
5/24/2018,10.984,10362000,1215.599976,19643,45.02,3219500
5/25/2018,11.254667,9672000,1188,18535,44.650002,1971600
5/29/2018,11.039333,10375500,1209.599976,26448,43.150002,5521900
5/30/2018,11.258,12159000,1185.599976,17806,44.82,3855100
5/31/2018,11.014,9567000,1210.800049,17261,43.900002,4017000
6/1/2018,11.752,17115000,1129.199951,29280,45.27,4400200
6/4/2018,12.039333,11950500,1101.599976,23204,45.91,2689200
6/5/2018,12.199333,9339000,1087.199951,20321,46.009998,2540000
6/6/2018,12.434667,8950500,1066.800049,17578,47.169998,3249400
6/7/2018,12.104667,9597000,1094.400024,29977,47.09,2745700
6/8/2018,11.785333,9820500,1123.199951,19486,47.490002,2116100
6/11/2018,11.698,6118500,1131.599976,18393,47.700001,2045600
6/12/2018,11.877333,7593000,1114.800049,17555,47.93,2306600
6/13/2018,11.836667,8608500,1118.400024,13288,47.380001,2617100
6/14/2018,12.039333,8094000,1099.199951,13800,47.75,2214800
6/15/2018,12.016,10308000,1101.599976,19621,47.560001,2351900
6/18/2018,11.646667,12819000,1135.199951,27405,47.23,2556700
6/19/2018,11.239333,14991000,1170,39369,46.689999,3410900
6/20/2018,11.416,7033500,1153.199951,13338,46.959999,2782900
6/21/2018,10.988,9858000,1196.400024,20008,46.049999,3239100
6/22/2018,10.733333,5146500,1226.400024,16309,46.25,1835900
6/25/2018,9.785333,16000500,1333.199951,59596,44.400002,7442900
6/26/2018,9.888,7869000,1318.800049,22635,44.650002,2959600
6/27/2018,9.160667,12337500,1416,39213,43.52,4772500
6/28/2018,9.392,10029000,1378.800049,26498,44.34,3977500
6/29/2018,9.433333,8799000,1372.800049,21768,44.540001,3857900
7/2/2018,9.607333,8422500,1347.599976,25792,44.669998,4088400
7/3/2018,9.064,7272000,1420.800049,15468,44.169998,1803400
7/5/2018,9.797333,10789500,1309.199951,22155,45.259998,2870400
7/6/2018,10.167333,14602500,1261.199951,22843,46.369999,4119900
7/9/2018,10.357333,10915500,1236,16717,47.68,3152200
7/10/2018,10.681333,11608500,1197.599976,17358,48.139999,2952400
7/11/2018,9.852,16504500,1291.199951,31232,47.169998,3519500
7/12/2018,10.063333,13414500,1263.599976,14754,48.360001,3730300
7/13/2018,9.934667,6973500,1279.199951,13393,48.450001,2323400
7/16/2018,9.894,6094500,1285.199951,10773,48.349998,1436200
7/17/2018,10.332667,10303500,1227.599976,14317,48.93,3225300
7/18/2018,10.556,9042000,1201.199951,14038,49.220001,2005400
7/19/2018,10.478667,7416000,1209.599976,15255,48.639999,2648300
7/20/2018,10.325333,6780000,1228.800049,16015,48.509998,2139000
7/23/2018,10.368667,8800500,1222.800049,21408,48.77,1643600
7/24/2018,10.034,10236000,1263.599976,25923,49.41,3432200
7/25/2018,10.191333,14748000,1243.199951,29973,50.779999,3646000
7/26/2018,10.745333,16359000,1174.800049,25038,50.330002,2383900
7/27/2018,10.590667,12807000,1191.599976,37324,49.330002,3060200
7/30/2018,10.289333,10194000,1226.400024,24284,48.48,2313900
7/31/2018,10.481333,7806000,1201.199951,20403,49.189999,2551100
8/1/2018,10.424,6054000,1208.400024,15855,49.029999,2450800
8/2/2018,10.747333,7603500,1172.400024,24128,49.73,2931700
8/3/2018,10.8,4069500,1167.599976,11189,50.41,1928300
8/6/2018,10.994667,5463000,1146,14575,50.959999,2344700
8/7/2018,11.264,5655000,1118.400024,11525,51.439999,2416900
8/8/2018,11.35,4932000,1108.800049,9866,51.380001,1851800
8/9/2018,10.998667,6726000,1144.800049,13001,51.16,1871400
8/10/2018,10.17,16897500,1228.800049,33074,50.099998,2915300
8/13/2018,10.21,9745500,1226.400024,25588,49.52,3362100
8/14/2018,10.179333,5463000,1231.199951,13309,50.450001,2305700
8/15/2018,9.76,12493500,1281.599976,38154,49.360001,4301800
8/16/2018,9.692,8014500,1287.599976,19034,50.509998,3019000
8/17/2018,9.470667,12708000,1316.400024,28605,51,3372100
8/20/2018,9.448667,8164500,1320,18913,51.34,2516800
8/21/2018,10.008,10276500,1242,20791,51.66,2456300
8/22/2018,10.139333,8587500,1226.400024,19447,51.610001,2035400
8/23/2018,10.174,7741500,1222.800049,22133,51.369999,2146900
8/24/2018,10.611333,8875500,1168.800049,21152,52.25,2470200
8/27/2018,11.108667,16623000,1116,39612,53.48,3019000
8/28/2018,11.237333,11250000,1101.599976,31794,53.630001,2224800
8/29/2018,11.330667,7524000,1094.400024,17154,54.450001,2130000
8/30/2018,11.012,9526500,1124.400024,28628,53.75,2677900
8/31/2018,11.2,4807500,1105.199951,16337,53.75,2799300
9/4/2018,11.457333,8767500,1078.800049,25688,53.5,2390200
9/5/2018,11.292667,6303000,1095.599976,29103,53.09,2584500
9/6/2018,10.386667,13224000,1182,36846,52.599998,2514500
9/7/2018,10.260667,8241000,1197.599976,29222,52.189999,2650600
9/10/2018,10.595333,5392500,1159.199951,17372,52.490002,1730500
9/11/2018,10.278667,8391000,1192.800049,26732,53.049999,1957000
9/12/2018,9.926,19008000,1231.199951,44698,53.07,2661100
9/13/2018,10.275333,13285500,1191.599976,44112,53.939999,1817700
9/14/2018,10.608667,9342000,1153.199951,32291,53.959999,1873600
9/17/2018,10.133333,6747000,1202.400024,30121,53.09,1709500
9/18/2018,10.418,6496500,1168.800049,27036,53.919998,1700500
9/19/2018,10.477333,4318500,1161.599976,16010,54.119999,1218800
9/20/2018,10.838,9111000,1120.800049,31267,55.380001,2039700
9/21/2018,10.740667,5826000,1134,21459,55.25,2134900
9/24/2018,10.854667,5310000,1120.800049,19513,54.73,2156000
9/25/2018,10.284667,10809000,1174.800049,23438,54.41,1670000
9/26/2018,9.994667,5340000,1207.199951,18360,53.900002,1894500
9/27/2018,10.124,3802500,1190.400024,14410,54.34,1622200
9/28/2018,10.307333,7743000,1168.800049,21941,54.32,1493000
10/1/2018,10.393333,6400500,1159.199951,18973,54.889999,1943400
10/2/2018,10.41,8142000,1160.400024,23765,54.799999,1228300
10/3/2018,10.427333,7701000,1155.599976,23448,54.919998,1638500
10/4/2018,9.866667,15123000,1220.400024,36086,53.610001,4263400
10/5/2018,9.17,22242000,1305.599976,48953,52.790001,4200900
10/8/2018,8.844667,12891000,1348.800049,40321,52.66,3714700
10/9/2018,8.837333,7024500,1353.599976,33525,52.459999,3446900
10/10/2018,7.664667,26956500,1531.199951,82134,47.490002,9485400
10/11/2018,7.420667,20209500,1581.599976,79783,44.27,14318800
10/12/2018,7.834,13690500,1490.400024,35838,46.169998,8069400
10/15/2018,7.624667,8487000,1530,23235,45.349998,4841800
10/16/2018,8.371333,10891500,1378.800049,30734,48.220001,5154900
10/17/2018,8.265333,9156000,1398,16139,48.279999,5035100
10/18/2018,7.646667,15177000,1504.800049,52038,46.25,6828500
10/19/2018,7.286,14745000,1574.400024,54907,46.060001,6193400
10/22/2018,7.428,8202000,1543.199951,57990,45.52,4825900
10/23/2018,7.308667,20764500,1569.599976,93238,44.740002,7697800
10/24/2018,5.863333,29644500,1880.400024,107043,40.689999,9348200
10/25/2018,6.262,15933000,1749.599976,82554,42.919998,6732000
10/26/2018,5.928667,19084500,1843.199951,139437,40.560001,10652300
10/29/2018,5.754,15058500,1897.199951,69274,39.869999,8851100
10/30/2018,6.47,18321000,1660.800049,49653,41.720001,6286900
10/31/2018,6.702667,14517000,1599.599976,33078,43.009998,6174000
11/1/2018,7.625333,19780500,1378.800049,64986,44.389999,4317600
11/2/2018,7.283333,18301500,1440,58682,43.48,6079700
11/5/2018,7.096,12534000,1477.199951,39843,44.240002,2801900
11/6/2018,7.353333,7428000,1425.599976,28883,45.080002,2298000
11/7/2018,7.617333,13149000,1372.800049,33073,47.889999,4159300
11/8/2018,7.517333,8494500,1392,29004,47.66,2813900
11/9/2018,7.098,8788500,1468.800049,44678,46.330002,4498600
11/12/2018,6.168,15409500,1663.199951,58933,43.639999,5285200
11/13/2018,6.396,10953000,1597.199951,37338,43.400002,4814300
11/14/2018,6.470667,10629000,1578,24930,42.52,5201200
11/15/2018,7.125333,14431500,1419.599976,38841,43.869999,6201800
11/16/2018,6.870667,12009000,1468.800049,53801,44.119999,4776100
11/19/2018,6.071333,13630500,1639.199951,53020,42.080002,5329900
11/20/2018,6.1,21753000,1633.199951,57859,39.630001,7919500
11/21/2018,6.172667,10492500,1611.599976,21762,40.009998,3872800
11/23/2018,6.17,5686500,1612.800049,11957,39.200001,1819200
11/26/2018,6.518667,10636500,1522.800049,16112,41,3589000
11/27/2018,6.560667,7797000,1514.400024,17857,41.400002,3522500
11/28/2018,7.011333,11701500,1407.599976,29069,44.27,5697300
11/29/2018,6.844667,6813000,1443.599976,20793,43.970001,4628200
11/30/2018,7.126,9060000,1382.400024,14961,44.860001,4103300
12/3/2018,7.702,18288000,1272,24645,46.5,6058500
12/4/2018,6.578667,18252000,1454.400024,36182,42.099998,7951500
12/6/2018,6.470667,21013500,1478.400024,63164,41.860001,9950000
12/7/2018,5.746,19045500,1644,64615,38.889999,9520200
12/10/2018,5.989333,14008500,1574.400024,39386,39.080002,8545900
12/11/2018,6.095333,23953500,1548,40114,39.09,7198200
12/12/2018,6.365333,17592000,1479.599976,29628,39.689999,6801600
12/13/2018,6.294667,13446000,1497.599976,25984,39.610001,5364800
12/14/2018,6.026,10413000,1561.199951,37547,37.439999,6949600
12/17/2018,5.8,15946500,1620,40240,35.27,9401900
12/18/2018,6.029333,13204500,1554,51013,35.099998,7564200
12/19/2018,5.267333,29062500,1750.800049,66548,33.369999,11983300
12/20/2018,5.132667,19387500,1796.400024,54137,31.879999,13724900
12/21/2018,4.897333,19287000,1879.199951,58073,29.91,12712400
12/24/2018,4.472,13795500,2038.800049,46162,27.540001,7749400
12/26/2018,5.240667,17737500,1688.400024,59888,31.530001,13894400
12/27/2018,5.338667,12370500,1645.199951,25928,32.200001,14909600
12/28/2018,5.451333,17269500,1611.599976,48249,32.009998,13116100
12/31/2018,5.554667,12660000,1582.800049,40543,32.900002,9072100
1/2/2019,5.702,13147500,1540.800049,64029,32.93,10629200
1/3/2019,4.688667,28599000,1810.800049,111697,30.49,10652700
1/4/2019,5.294667,17604000,1574.400024,45630,33.57,13208800
1/7/2019,5.605333,16641000,1486.800049,25478,34.380001,7787400
1/8/2019,5.519333,14445000,1506,50328,35.310001,7245700
1/9/2019,5.946,17928000,1393.199951,56564,35.830002,7309500
1/10/2019,6.113333,12975000,1352.400024,42488,36.23,5935800
1/11/2019,6.284,12399000,1314,43884,36.240002,5612300
1/14/2019,5.986667,10731000,1375.199951,39555,35.580002,3991500
1/15/2019,6.026,14590500,1368,40589,36.810001,6128400
1/16/2019,5.878667,10257000,1399.199951,33006,37.02,5783700
1/17/2019,6.082,15876000,1352.400024,56722,37.91,5419400
1/18/2019,6.499333,15720000,1258.800049,59028,39.349998,7009700
1/22/2019,5.952667,18655500,1365.599976,66616,37.810001,7651500
1/23/2019,5.828667,15681000,1394.400024,58701,37.959999,7529400
1/24/2019,6.825333,32491500,1156.800049,122721,38.060001,6140600
1/25/2019,7.261333,17100000,1082.400024,60788,39.099998,6643200
1/28/2019,6.818667,14305500,1146,67852,38.139999,5606700
1/29/2019,6.524,9061500,1196.400024,44504,37.939999,4434800
1/30/2019,7.09,14400000,1093.199951,51723,39.740002,7311100
1/31/2019,7.095333,10894500,1093.199951,50271,40.799999,8228200
2/1/2019,7.343333,10723500,1053.599976,52532,40.830002,5232200
2/4/2019,7.454,4450500,1039.199951,26712,41.689999,3941400
2/5/2019,7.558,9172500,1024.800049,35722,42.209999,5332000
2/6/2019,8.165333,17931000,943.200012,74393,42.049999,3422300
2/7/2019,7.62,18687000,1004.400024,54222,40.82,7435000
2/8/2019,7.588667,10705500,1008,53979,40.939999,4921000
2/11/2019,7.697333,8164500,993.599976,31412,41.029999,4301800
2/12/2019,8.182667,13083000,932.400024,45309,42.610001,4793900
2/13/2019,8.254,12480000,922.799988,41122,42.98,5265700
2/14/2019,8.318667,11575500,915.599976,39634,42.689999,6092300
2/15/2019,8.453333,10102500,903.599976,42201,44.07,5479200
2/19/2019,8.398667,7548000,907.200012,27500,44.299999,3781800
2/20/2019,8.63,9694500,884.400024,42032,44.560001,4334600
2/21/2019,8.44,11476500,903.599976,41833,44.07,4584300
2/22/2019,8.703333,12757500,876,32891,44.91,6849300
2/25/2019,8.922,12519000,853.200012,39653,45.080002,5170800
2/26/2019,8.737333,8319000,870,28853,44.970001,3184700
2/27/2019,8.428667,15036000,902.400024,46690,44.869999,3532500
2/28/2019,8.449333,7447500,900,26156,44.580002,3285400
3/1/2019,8.67,10362000,874.799988,32083,45.450001,4277000
3/4/2019,8.674,14767500,874.799988,40830,44.889999,7861700
3/5/2019,8.55,7974000,888,30004,44.740002,3892000
3/6/2019,8.132,14940000,932.400024,51550,43.880001,4328000
3/7/2019,7.855333,15607500,962.400024,77747,42.82,6250700
3/8/2019,7.842667,12711000,963.599976,57853,42.529999,6224800
3/11/2019,8.402,12825000,895.200012,50701,44.400002,3862500
3/12/2019,8.5,10372500,884.400024,39685,44.869999,3725800
3/13/2019,8.604,8331000,874.799988,34300,45.759998,4906400
3/14/2019,8.457333,6633000,890.400024,32567,45.650002,4317000
3/15/2019,9.186,22909500,812.400024,83257,46.330002,5508800
3/18/2019,9.126,10273500,818.400024,30078,46.779999,4443100
3/19/2019,9.478667,13689000,783.599976,58691,46.860001,5591700
3/20/2019,9.208667,13167000,806.400024,50464,46.389999,7504000
3/21/2019,10.163333,21321000,721.200012,109562,47.919998,7996700
3/22/2019,9.298667,18607500,782.400024,87068,45.18,10391500
3/25/2019,8.944,23959500,813.599976,94002,45.02,8812400
3/26/2019,9.216,17310000,788.400024,59804,46.029999,7547000
3/27/2019,8.812,19968000,823.200012,74025,45.34,7767600
3/28/2019,8.766,11520000,826.799988,45147,45.869999,5779200
3/29/2019,9.169333,12793500,788.400024,58011,46.759998,6036900
4/1/2019,9.844667,18229500,730.799988,70444,48.360001,4310000
4/2/2019,9.876,8290500,728.400024,29824,48.41,2783500
4/3/2019,10.548667,30327000,679.200012,114604,48.650002,4911200
4/4/2019,10.588667,14100000,678,56594,49.009998,4480600
4/5/2019,10.830667,7863000,661.200012,38052,49.66,3994800
4/8/2019,10.908667,7659000,656.400024,47761,49.810001,3444100
4/9/2019,10.540667,16965000,679.200012,50694,49.009998,5590900
4/10/2019,10.811333,13528500,662.400024,42321,49.509998,3316400
4/11/2019,10.784667,9259500,662.400024,35908,49.470001,3253000
4/12/2019,11.233333,12208500,636,46175,50.450001,3344100
4/15/2019,10.994,9196500,649.200012,37835,50.349998,2784500
4/16/2019,12.041333,19468500,588,90187,50.43,2918000
4/17/2019,12.589333,16183500,561.599976,126988,50.029999,3806100
4/18/2019,12.613333,9463500,559.200012,43564,50.299999,3242500
4/22/2019,12.618667,4671000,560.400024,42690,50.389999,1769000
4/23/2019,12.997333,8796000,543.599976,50932,51.75,3681500
4/24/2019,13.374,11011500,526.799988,81557,51.48,2358500
4/25/2019,12.646,12978000,555.599976,94111,51.34,2976200
4/26/2019,12.329333,13794000,570,145701,52.02,3122800
4/29/2019,12.264667,4995000,572.400024,26022,52.200001,2178500
4/30/2019,12.536667,6696000,560.400024,65543,52.299999,3347400
5/1/2019,12.229333,12915000,573.599976,77117,51.150002,5549000
5/2/2019,12.636667,13312500,554.400024,98486,50.799999,6457000
5/3/2019,12.89,8863500,543.599976,58213,52.25,3004400
5/6/2019,12.256667,17829000,572.400024,122382,51.639999,4728700
5/7/2019,11.362,24256500,613.200012,132298,49.060001,8582200
5/8/2019,11.089333,12007500,627.599976,87939,48.830002,6251000
5/9/2019,10.694667,18993000,649.200012,138092,48.450001,7327200
5/10/2019,10.726,20788500,646.799988,131185,48.970001,7709500
5/13/2019,9.212,24391500,740.400024,166164,45.360001,11209900
5/14/2019,9.871333,17139000,685.200012,110881,46.509998,5962100
5/15/2019,10.113333,14703000,668.400024,91773,47.330002,5612500
5/16/2019,9.6,21981000,703.200012,96258,48.619999,4826100
5/17/2019,9.032667,24265500,745.200012,110800,47.73,6038200
5/20/2019,7.95,26760000,834,171891,46.740002,4861700
5/21/2019,8.45,19236000,781.200012,109762,47.990002,2976300
5/22/2019,7.921333,15225000,830.400024,90309,47.57,3591700
5/23/2019,7.520667,20860500,872.400024,131213,45.889999,7805400
5/24/2019,7.325333,13459500,895.200012,69992,46.060001,3730800
5/28/2019,7.126,13249500,918,84818,44.799999,3667800
5/29/2019,7.222667,20284500,906,166349,43.880001,6781400
5/30/2019,7.387333,19113000,886.799988,122639,44.25,4629500
5/31/2019,7.066667,18478500,922.799988,136636,42.52,5222400
6/3/2019,7.134667,23410500,918,108543,42.099998,7024900
6/4/2019,8.04,32151000,800.400024,128090,44.830002,5976800
6/5/2019,7.88,25533000,816,67144,45.990002,4596300
6/6/2019,8.207333,14176500,783.599976,51161,46.889999,4726000
6/7/2019,8.464667,14091000,757.200012,81526,48.259998,5322800
6/10/2019,9.124667,21726000,697.200012,106727,48.91,5061300
6/11/2019,9.193333,18606000,693.599976,73002,48.880001,3699300
6/12/2019,8.544667,11925000,741.599976,64248,48.630001,3016000
6/13/2019,8.706667,11455500,729.599976,62556,49.240002,3005200
6/14/2019,8.016667,14856000,786,78520,49.009998,2055700
6/17/2019,7.855333,8601000,802.799988,45043,49.110001,1840300
6/18/2019,8.88,26061000,698.400024,154579,50.540001,4199100
6/19/2019,8.897333,13185000,697.200012,65093,50.990002,3775100
6/20/2019,9.144,19162500,675.599976,102173,52.41,4128600
6/21/2019,8.955333,12225000,691.200012,48791,52.16,3595200
6/24/2019,9.014667,9433500,685.200012,56333,51.959999,2137900
6/25/2019,8.619333,12205500,715.200012,61793,50.110001,3304200
6/26/2019,9.429333,19284000,646.799988,76539,50,3243800
6/27/2019,9.845333,13567500,616.799988,50121,50.470001,2230400
6/28/2019,9.886,11226000,618.119995,106400,51.349998,2845800
7/1/2019,10.686,21082500,567.359985,191400,52.560001,4302600
7/2/2019,10.238,12142500,590.880005,109300,53.040001,2114100
7/3/2019,10.078667,9478500,599.52002,69475,54.23,1488400
7/5/2019,9.918,9699000,610.320007,90833,53.990002,3417500
7/8/2019,9.678,8194500,624,89683,53.23,2254400
7/9/2019,9.901333,9168000,610.200012,73208,53.380001,2006500
7/10/2019,10.109333,16626000,598.320007,176608,54.150002,4260700
7/11/2019,10.186,8664000,591.119995,118025,54.470001,3822300
7/12/2019,10.768,12400500,559.200012,124708,55.16,2427200
7/15/2019,11.018667,8479500,545.76001,85708,55.23,1810500
7/16/2019,10.662,9934500,564.47998,115833,54.639999,2263300
7/17/2019,10.751333,7201500,559.440002,78325,53.610001,2837000
7/18/2019,11.244,13081500,534,100708,54.169998,2714000
7/19/2019,11.169333,9180000,536.76001,94558,53.18,2998600
7/22/2019,11.823333,13075500,505.679993,169567,53.580002,2538200
7/23/2019,12.273333,10419000,487.079987,143083,54.73,2622700
7/24/2019,13.392,23553000,442.079987,345450,55.5,2461600
7/25/2019,12.712667,14809500,464.640015,240967,54.66,3708900
7/26/2019,12.703333,8842500,464.640015,105317,55.740002,1860800
7/29/2019,12.801333,7939500,461.76001,168267,55.459999,1802800
7/30/2019,12.714667,5961000,464.160004,205300,55.099998,2480100
7/31/2019,11.486667,21309000,510,411792,53.189999,5429500
8/1/2019,10.797333,25618500,540.47998,377950,51.82,8602200
8/2/2019,10.291333,16612500,564.599976,273308,50.669998,6836200
8/5/2019,8.946667,22728000,638.880005,287608,46.130001,9030500
8/6/2019,9.306,20334000,613.200012,261300,48,5088700
8/7/2019,9.502,19701000,600.599976,265267,48.09,8132300
8/8/2019,10.278667,18787500,552.23999,229542,50.84,5007300
8/9/2019,9.704,17550000,582.599976,203733,49.73,6514200
8/12/2019,9.356,12654000,603.119995,134375,47.959999,4710700
8/13/2019,10.182,19845000,549.960022,171433,50.209999,6105100
8/14/2019,9.227333,27957000,601.559998,155708,45.73,10357600
8/15/2019,9.151333,14976000,605.52002,98508,46.099998,7187300
8/16/2019,9.9,16189500,556.080017,112583,48.080002,4071900
8/19/2019,10.468667,15972000,525.359985,92767,49.810001,4107600
8/20/2019,10.302667,8716500,532.919983,61558,48.68,3963100
8/21/2019,10.594667,9754500,518.159973,74392,49.880001,3273600
8/22/2019,10.583333,9760500,519,82200,49.77,3734400
8/23/2019,9.212,31515000,586.440002,203900,45.98,7886000
8/26/2019,9.44,11319000,571.679993,82058,47.470001,4513000
8/27/2019,9.341333,11251500,577.679993,110850,46.900002,3888400
8/28/2019,9.512667,10600500,567,92208,47.889999,2704800
8/29/2019,10.156667,18906000,528.23999,120808,49.68,3399200
8/30/2019,10.33,10582500,519.119995,102317,49.639999,2942400
9/3/2019,9.792667,12528000,545.880005,107408,48.779999,2787100
9/4/2019,10.593333,19119000,501.23999,120825,50.360001,2422600
9/5/2019,11.582667,17769000,455.040009,252158,52.32,3338800
9/6/2019,11.629333,7131000,453.119995,119683,52.439999,2455200
9/9/2019,11.792667,9319500,446.519989,120642,52.459999,2289300
9/10/2019,11.948,7002000,440.880005,123825,52.52,2827900
9/11/2019,12.483333,9793500,420.959991,155883,53.619999,2772900
9/12/2019,12.593333,11793000,417.720001,177825,54.099998,3661300
9/13/2019,12.479333,6118500,421.200012,139575,53.959999,2551400
9/16/2019,12.225333,6535500,429.720001,104658,53.5,2274700
9/17/2019,12.336667,5451000,426.119995,90500,53.849998,2205800
9/18/2019,12.360667,8751000,425.160004,109242,53.970001,4182300
9/19/2019,12.172667,7227000,432,91500,53.950001,3345100
9/20/2019,11.494,11719500,455.519989,161433,53.060001,3989100
9/23/2019,11.845333,8188500,441.480011,206725,53.139999,2208800
9/24/2019,11.252,18163500,460.440002,230492,51.830002,5967700
9/25/2019,11.827333,11985000,435.839996,133717,52.779999,3930900
9/26/2019,11.864667,10096500,436.079987,144542,52.400002,3742100
9/27/2019,11,17278500,466.320007,233517,51.52,4937100
9/30/2019,11.348,7299000,452.76001,129258,52.310001,3086200
10/1/2019,11.037333,14653500,464.399994,297950,50.389999,6224400
10/2/2019,10.516667,19338000,486.600006,363175,47.779999,8157500
10/3/2019,11.054667,17961000,461.76001,232333,48.860001,7194000
10/4/2019,11.654,13695000,436.920013,151208,50.82,5317500
10/7/2019,11.388667,9079500,446.399994,145033,50.139999,4386700
10/8/2019,10.341333,25107000,487.440002,225325,47.880001,6422500
10/9/2019,10.862667,15838500,462.839996,122792,49.130001,4471100
10/10/2019,11.178667,18492000,449.279999,169542,50.209999,4924000
10/11/2019,11.929333,27876000,419.399994,382967,51.73,6739500
10/14/2019,11.927333,7069500,419.399994,100725,51.59,2638300
10/15/2019,12.709333,19419000,391.679993,327658,53.09,3128800
10/16/2019,12.156667,15471000,408.839996,241108,52.810001,2972300
10/17/2019,12.284,12418500,404.040009,111150,53.189999,3360000
10/18/2019,11.874,14661000,417.959991,203258,52.5,2717600
10/21/2019,12.549333,11613000,394.440002,124833,53.639999,2479500
10/22/2019,12.256,9618000,403.200012,145183,53.029999,3491900
10/23/2019,11.543333,15555000,426.959991,218783,53.529999,2880100
10/24/2019,12.380667,14469000,395.640015,243983,53.73,3816300
10/25/2019,13.142667,18265500,371.519989,374108,54.459999,3881000
10/28/2019,13.832,15250500,351.959991,250275,55.330002,3545200
10/29/2019,13.469333,10779000,361.440002,231833,55.240002,3364000
10/30/2019,13.471333,8559000,361.200012,151275,55.740002,3092500
10/31/2019,13.218,9952500,367.679993,220500,55.240002,3960700
11/1/2019,14.129333,10477500,342.600006,242942,56.799999,3668700
11/4/2019,15.054667,12294000,320.040009,329350,57.450001,2765400
11/5/2019,15.141333,9777000,318.119995,332208,57.259998,2370800
11/6/2019,14.8,11104500,325.799988,316033,57.330002,2527600
11/7/2019,15.090667,12427500,318.839996,307150,57.950001,3925400
11/8/2019,15.331333,7299000,314.279999,236692,58.290001,1814800
11/11/2019,15.082,6657000,319.200012,193850,57.959999,1823700
11/12/2019,15.215333,13849500,316.440002,332233,58.290001,2829400
11/13/2019,15.206667,12061500,316.559998,302300,58.369999,3553300
11/14/2019,15.081333,11265000,319.200012,185333,58.639999,2674500
11/15/2019,15.473333,14211000,310.920013,250808,59.900002,2334300
11/18/2019,15.379333,8130000,313.079987,296617,59.950001,2396900
11/19/2019,15.141333,12429000,317.640015,223942,59.900002,2652800
11/20/2019,14.620667,17808000,328.920013,358392,59.27,4098200
11/21/2019,14.121333,15439500,339.359985,395433,58.990002,2751400
11/22/2019,14.114,10084500,339.959991,254817,59.330002,2318100
11/25/2019,15.140667,14046000,314.640015,316192,60.689999,2161900
11/26/2019,14.936,10887000,319.320007,197917,61.09,1739900
11/27/2019,15.256,7248000,312.480011,120225,61.880001,1718800
11/29/2019,14.762667,4399500,322.559998,138267,61.220001,1221600
12/2/2019,14.113333,13189500,336.959991,317325,59.610001,4023600
12/3/2019,13.468,14646000,352.559998,380433,58.380001,5039100
12/4/2019,14.100667,8785500,336,210358,59.459999,3084000
12/5/2019,14.27,7833000,332.040009,189150,59.860001,2618500
12/6/2019,14.933333,9769500,316.559998,231450,61.41,3133500
12/9/2019,14.681333,4908000,321.600006,195533,60.880001,2375200
12/10/2019,14.844667,7432500,318.359985,253875,60.66,2694900
12/11/2019,15.818,11976000,297.23999,376167,61.169998,2403800
12/12/2019,17.101334,20947500,273.359985,661292,62.740002,6205900
12/13/2019,16.82,21313500,277.799988,433042,62.799999,4764600
12/16/2019,17.297333,10213500,269.640015,368275,64.110001,2623000
12/17/2019,17.524668,9778500,266.160004,244958,64.129997,1778500
12/18/2019,17.499332,7486500,266.640015,288258,64.129997,1701300
12/19/2019,17.910667,7558500,260.040009,239892,64.940002,2176900
12/20/2019,18.486,10882500,251.759995,225708,65.889999,2960200
12/23/2019,18.591333,11043000,249.479996,221117,65.760002,1909300
12/24/2019,18.729334,3774000,247.559998,106042,65.779999,941900
12/26/2019,18.799999,5878500,246.720001,231292,66.779999,2129800
12/27/2019,18.590668,7303500,249.240005,216775,66.739998,2225900
12/30/2019,18.199333,9241500,254.880005,404050,65.57,3645400
12/31/2019,18.321333,5722500,253.080002,349933,66.080002,2683000
1/2/2020,19.464001,10438500,237.360001,374092,67.910004,3682700
1/3/2020,18.412666,14713500,250.199997,395117,66.279999,4668100
1/6/2020,17.828667,11313000,257.640015,376675,67.050003,2946000
1/7/2020,18.747999,10441500,244.679993,362450,66.540001,2767300
1/8/2020,18.789333,10024500,244.199997,325283,67.559998,3876200
1/9/2020,19.114,11472000,239.759995,321167,68.93,2889400
1/10/2020,18.723333,11304000,244.679993,405850,68.279999,3883300
1/13/2020,19.457333,8160000,235.199997,265200,69.760002,2859000
1/14/2020,19.582666,9610500,233.759995,576075,69.379997,3751400
1/15/2020,18.876667,11518500,242.039993,408242,69.870003,3346900
1/16/2020,19.822666,10807500,230.160004,384058,71.510002,3158100
1/17/2020,20.207333,11839500,225.600006,415650,72.25,3368900
1/21/2020,20.17,6961500,226.080002,296042,71.730003,3736300
1/22/2020,20.651333,10747500,220.559998,450983,71.839996,2433100
1/23/2020,21.122667,9354000,215.279999,386192,72.029999,3439700
1/24/2020,20.408667,19885500,222.720001,623292,70.050003,6223400
1/27/2020,18.041332,19500000,248.520004,684958,66.699997,5682800
1/28/2020,19.332666,14221500,230.639999,404117,68.739998,3635700
1/29/2020,18.266666,12270000,243.479996,399475,68.620003,3443600
1/30/2020,18.198668,17106000,244.080002,668992,69.260002,4689600
1/31/2020,16.240667,22954500,270.23999,718092,65.5,8799300
2/3/2020,16.860666,13681500,260.519989,325250,66.889999,4527700
2/4/2020,18.433332,15466500,235.919998,417267,70.010002,4015400
2/5/2020,19.639999,19452000,220.440002,410158,72.349998,4014200
2/6/2020,19.652666,12234000,220.080002,232808,73.129997,3119200
2/7/2020,18.266001,16014000,236.160004,398950,71.910004,3236700
2/10/2020,19.093332,11137500,225.360001,359608,73.470001,2504100
2/11/2020,20.239332,16857000,211.440002,454592,73.919998,3879500
2/12/2020,21.128668,11917500,202.320007,430558,75.300003,2869600
2/13/2020,21.175333,13008000,202.080002,502017,75.07,4065400
2/14/2020,21.039333,11269500,203.160004,389883,75.379997,2484100
2/18/2020,20.165333,16186500,211.800003,411800,74.699997,3819000
2/19/2020,21.732,13075500,195.240005,357658,75.830002,2099700
2/20/2020,20.760668,20755500,203.880005,564108,74.93,5317200
2/21/2020,18.896667,25333500,222.360001,940392,72.510002,4788400
2/24/2020,16.200666,30187500,253.919998,763625,65.309998,8863300
2/25/2020,14.712667,38751000,277.440002,1311858,59.41,11042800
2/26/2020,14.836,33132000,275.040009,1147958,58.669998,11818100
2/27/2020,12.742,38827500,313.679993,1180692,50.849998,16237200
2/28/2020,13.666667,45580500,291.359985,924050,50.259998,20096800
3/2/2020,15.02,36516000,262.200012,733750,56.52,14869400
3/3/2020,13.499333,32919000,289.200012,584450,51.709999,15354400
3/4/2020,15.475333,20538000,246.119995,791183,58.16,10415800
3/5/2020,14.087333,23968500,267.959991,426533,52.310001,13031000
3/6/2020,13.240667,26310000,284.399994,512050,49.700001,13626900
3/9/2020,9.886,31191000,356.640015,469075,38.16,18924200
3/10/2020,11.773333,33006000,288.839996,327083,44,21643600
3/11/2020,9.776,33735000,338.399994,336333,37.59,20910500
3/12/2020,6.802667,47734500,450,548608,26.809999,33980800
3/13/2020,8.661333,43620000,301.200012,396725,34.040001,31641100
3/16/2020,5.318667,47341500,440.519989,323367,22.51,42234500
3/17/2020,5.847333,73488000,315.480011,416583,26.190001,41179900
3/18/2020,4.333333,67953000,392.040009,386842,22.24,54281500
3/19/2020,4.662,67534500,354.720001,278250,22.02,50720300
3/20/2020,4.263333,63204000,385.320007,380658,19.120001,39904400
3/23/2020,4.66,63927000,350.399994,299792,17.549999,58496200
3/24/2020,6.249333,67669500,234.119995,558283,22.43,51313500
3/25/2020,6.004667,65236500,238.800003,653292,23.27,56013000
3/26/2020,7.205333,55215000,192.240005,750150,27.41,48482500
3/27/2020,6.096,51672000,219.360001,560300,24.9,42155000
3/30/2020,6.752,39718500,195.479996,495008,27.290001,32979600
3/31/2020,6.316,50964000,208.440002,646500,26.049999,43213400
4/1/2020,5.294,47541000,241.919998,774517,22.59,38189600
4/2/2020,5.778667,43654500,219,561725,24.120001,41577900
4/3/2020,5.435333,43627500,231.479996,538875,23.110001,40390100
4/6/2020,7.102667,51997500,161.520004,946833,27.790001,39068200
4/7/2020,7.013333,79462500,162.360001,1103108,27.780001,47873300
4/8/2020,7.716,50287500,146.039993,807992,30.610001,38576100
4/9/2020,7.21,75898500,155.160004,1120683,31.98,44859400
4/13/2020,7.47,36957000,149.039993,819183,31.09,35165200
4/14/2020,8.462,51487500,129.720001,891483,33.880001,30687900
4/15/2020,7.775333,37128000,139.559998,602375,31.700001,27931700
4/16/2020,8.347333,47277000,129.240005,923667,32.18,34532500
4/17/2020,8.564,47445000,126,793808,34.759998,31562100
4/20/2020,8.011333,35502000,134.039993,912175,32.939999,28604900
4/21/2020,6.886,60042000,153.600006,1423817,29.940001,33679400
4/22/2020,8.039333,37150500,126.839996,991733,31.91,18343000
4/23/2020,7.835333,42906000,130.199997,1013033,31.85,30495300
4/24/2020,8.334,34429500,121.68,948775,33.240002,23981300
4/27/2020,8.670667,42303000,116.760002,662242,34.66,21158100
4/28/2020,8.535333,55147500,118.919998,904667,34.200001,31452400
4/29/2020,9.76,42030000,101.400002,955417,36.84,26079300
4/30/2020,8.734,55264500,112.199997,1013883,35.75,25563200
5/1/2020,7.406667,65224500,129.119995,1534117,32.990002,26388900
5/4/2020,7.614667,35217000,125.400002,846125,33.220001,18849000
5/5/2020,8.000667,47706000,118.919998,692708,34.130001,18649400
5/6/2020,8.278,46401000,114.959999,619417,33.459999,18055100
5/7/2020,8.520667,32518500,111.480003,640650,34.669998,15240800
5/8/2020,9.265333,38311500,101.519997,785775,36.389999,12851900
5/11/2020,9.24,27099000,101.760002,563275,36.380001,14214100
5/12/2020,8.456667,34702500,110.160004,786608,34.240002,17276100
5/13/2020,8.001333,53503500,116.639999,1393300,32.450001,24326900
5/14/2020,8.640667,54496500,106.919998,1334175,33.549999,32202500
5/15/2020,8.099333,55647000,113.639999,1114658,33.959999,22057500
5/18/2020,9.232667,42394500,97.440002,787300,37.09,18280500
5/19/2020,9.122,40813500,98.760002,829467,35.98,18037400
5/20/2020,10.159333,39808500,87.720001,1047608,37.830002,17601100
5/21/2020,9.37,37935000,94.440002,892542,36.939999,17467900
5/22/2020,9.506,25134000,92.760002,802867,37.189999,12755600
5/26/2020,9.800667,41682000,90.120003,918433,38.639999,13527700
5/27/2020,10.219333,41941500,86.160004,1278917,40.259998,17961000
5/28/2020,9.548667,33565500,91.800003,1056475,40.099998,16599200
5/29/2020,10.274,38440500,84.480003,1420258,40.529999,21869300
6/1/2020,10.146667,21564000,85.800003,681958,41.099998,11573400
6/2/2020,10.8,34992000,80.279999,900892,42.099998,12075500
6/3/2020,11.746667,30483000,73.32,1029742,43.799999,13047800
6/4/2020,12.056,31461000,71.279999,874350,43.43,14517800
6/5/2020,12.934,26946000,65.639999,922392,46.77,19893800
6/8/2020,12.855333,25800000,66.239998,527200,48.48,11919400
6/9/2020,12.877333,22317000,66.239998,754050,47.419998,16122200
6/10/2020,12.996,23647500,65.760002,661183,46.650002,19500600
6/11/2020,10.516,47562000,78.120003,1574633,38.560001,33437300
6/12/2020,10.952,35401500,74.760002,1463200,39.880001,29234100
6/15/2020,11.432667,29254500,71.519997,718667,41,26172300
6/16/2020,12.038667,30856500,67.68,782500,43.360001,24862500
6/17/2020,12.372,21156000,65.760002,540783,42.77,14325400
6/18/2020,12.314667,13989000,66.239998,404150,42.860001,11666500
6/19/2020,12.066667,29616000,67.32,701642,42.130001,18463300
6/22/2020,12.389333,19461000,65.760002,604967,42.939999,10016400
6/23/2020,12.491333,18909000,65.040001,495492,43.470001,10428500
6/24/2020,11.652,31200000,69.360001,892242,40.169998,21619800
6/25/2020,11.938667,21685500,67.800003,679533,41.450001,15448400
6/26/2020,11.224,21492000,71.519997,627833,38.540001,21054100
6/29/2020,11.61,17931000,69.360001,577350,40.110001,14988500
6/30/2020,12.547333,32251500,63.84,755925,41.810001,15209500
7/1/2020,12.022667,21469500,66.360001,403942,42.59,14461100
7/2/2020,12.47,24289500,63.84,637900,43.25,14654400
7/6/2020,13.47,21822000,58.560001,698367,45.240002,10834800
7/7/2020,12.972,17728500,60.959999,536700,43.860001,11186600
7/8/2020,13.508667,14014500,58.32,345567,44.830002,9959600
7/9/2020,14.046,25341000,55.799999,822183,44.099998,15521500
7/10/2020,13.906,16764000,56.400002,472150,45.450001,11063700
7/13/2020,13.212,24480000,59.52,766992,44.290001,15115300
7/14/2020,13.912,25491000,56.16,988658,46.009998,16153900
7/15/2020,13.772667,20254500,56.639999,514875,47.240002,17449000
7/16/2020,13.604667,13903500,57.360001,500492,46.77,10726900
7/17/2020,13.856667,12028500,56.279999,365033,47.130001,8613000
7/20/2020,14.710667,16717500,53.040001,363617,48.310001,7721300
7/21/2020,14.399333,16822500,54.119999,462217,48.619999,10400800
7/22/2020,14.572,13956000,53.16,325275,49.43,8224500
7/23/2020,13.893333,22534500,55.799999,774242,47.73,14700400
7/24/2020,13.231333,19546500,58.68,1018925,46.740002,12917900
7/27/2020,14.484667,17731500,52.799999,788033,47.75,7674800
7/28/2020,13.628,20592000,55.919998,536667,46.919998,9458700
7/29/2020,14.510667,19687500,52.439999,641858,48.57,8089100
7/30/2020,15.36,25672500,49.200001,1208992,48.049999,12924300
7/31/2020,15.100667,26299500,50.040001,931733,49.209999,12533800
8/3/2020,15.999333,16984500,47.16,599025,50.209999,6819100
8/4/2020,16.686666,12100500,45,659783,50.779999,7112100
8/5/2020,16.653999,12822000,45.119999,418200,51.709999,7009200
8/6/2020,16.593332,10840500,45.360001,431250,52.77,7614400
8/7/2020,16.029333,17872500,46.799999,711150,52.869999,10639200
8/10/2020,16.039333,11625000,46.799999,456542,53.380001,8010400
8/11/2020,15.508,15201000,48.48,706700,52.080002,11505800
8/12/2020,17.07,18397500,43.439999,891833,54.169998,8178000
8/13/2020,16.511333,12742500,44.880001,539200,53.959999,8707900
8/14/2020,16.453333,12001500,44.880001,452292,53.91,7373100
8/17/2020,17.076,11739000,43.32,363358,54.400002,4216900
8/18/2020,16.794001,11410500,44.16,361425,54.740002,5337200
8/19/2020,16.468,10309500,45,304917,54.07,7030800
8/20/2020,16.039333,16498500,46.080002,470533,54.57,5167800
8/21/2020,16.392668,10789500,45.119999,260600,55.130001,5034200
8/24/2020,16.846001,11776500,43.68,315042,56.84,5616700
8/25/2020,17.388666,11626500,42.360001,385558,57.43,5438400
8/26/2020,17.584667,11527500,42,301125,59.150002,5616200
8/27/2020,16.899332,17893500,43.560001,552217,59.540001,8807600
8/28/2020,17.856667,13989000,40.98,615400,60.709999,5447600
8/31/2020,17.806667,12093000,41.150002,837300,60,6578200
9/1/2020,18.809334,10255500,38.73,933800,61.73,4946300
9/2/2020,20.496668,18729000,35.360001,2109600,64.419998,8019200
9/3/2020,16.998667,37044000,41.48,3026700,57.790001,17626100
9/4/2020,16.527332,26686500,42.73,2506200,56.349998,15625400
9/8/2020,14.174,21556500,48.599998,1699900,51.68,14560300
9/9/2020,15.346,19171500,44.41,896200,54.740002,9799900
9/10/2020,14.708667,19227000,46.380001,1277900,51.919998,13450600
9/11/2020,14.657333,14871000,46.400002,1214600,51.939999,12786100
9/14/2020,15.584,11850000,43.560001,801300,54.029999,6927400
9/15/2020,16.385332,11725500,41.220001,1025800,54.799999,6438100
9/16/2020,15.892,10791000,42.5,946900,54.189999,7319800
9/17/2020,15.819333,14704500,42.66,1386000,52.779999,10835800
9/18/2020,15.082,17329500,44.560001,1260900,50.970001,9865600
9/21/2020,15.009333,25779000,44.860001,1492400,49.209999,12802200
9/22/2020,15.553333,13864500,43.240002,1437800,50.740002,8509100
9/23/2020,14.395333,14178000,46.369999,1131700,47.200001,8842600
9/24/2020,14.816,24952500,45.139999,1850800,47.549999,9661000
9/25/2020,15.455333,15505500,43.139999,1211100,49.849998,6858500
9/28/2020,16.717333,15123000,39.549999,1025600,52.360001,6069400
9/29/2020,16.856667,19848000,39.279999,1595200,51.459999,6052300
9/30/2020,16.879333,20143500,39.209999,1745900,52.66,8486600
10/1/2020,17.927334,18271500,36.73,1626300,53.619999,6991300
10/2/2020,16.329332,24060000,40.110001,1770400,52.18,10064900
10/5/2020,17.923332,14751000,36.09,1120600,54.849998,4891600
10/6/2020,17.617332,16638000,36.66,2439400,52.560001,10028800
10/7/2020,18.68,13549500,34.439999,1233900,55.23,5798700
10/8/2020,19.328667,11172000,33.200001,1298800,56.689999,5091900
10/9/2020,20.342667,18609000,31.48,2351200,58.220001,5502300
10/12/2020,21.226,15901500,30.01,1733800,61.099998,6378500
10/13/2020,21.200666,14068500,30.16,1853900,59.860001,5169000
10/14/2020,20.864668,11320500,30.620001,1610100,58.790001,5897400
10/15/2020,20.700001,10518000,30.9,2226300,58.549999,7109000
10/16/2020,20.404667,8916000,31.290001,1001200,58.41,6134400
10/19/2020,20.076,11283000,31.82,1291800,55.779999,9448100
10/20/2020,20.011999,6909000,31.889999,945600,56.360001,9544600
10/21/2020,19.589333,8161500,32.610001,839900,56.02,7263400
10/22/2020,19.658001,9789000,32.439999,928600,56.98,7287500
10/23/2020,19.370001,6975000,32.959999,661200,57.52,5553100
10/26/2020,18.132668,13960500,35.049999,1364400,54.41,11198300
10/27/2020,17.945333,7834500,35.439999,891000,53.799999,7055700
10/28/2020,16.159332,15634500,39.049999,1591800,48.310001,15880400
10/29/2020,17.445999,10749000,35.830002,1233600,49.720001,9193000
10/30/2020,16.596666,11187000,37.349998,1334300,48.139999,13455500
11/2/2020,16.864,10897500,36.77,1079400,49.799999,10792600
11/3/2020,17.867332,12472500,34.639999,1196900,52.389999,10203400
11/4/2020,19.74,17590500,31.030001,1195100,55.889999,14289200
11/5/2020,22.343332,20565000,26.870001,2656300,59.169998,9589200
11/6/2020,23.492666,15370500,25.57,2649400,59.139999,7842400
11/9/2020,22.595333,16741500,26.5,2656800,61.400002,15828600
11/10/2020,20.563334,16570500,28.93,2697800,61.110001,10254000
11/11/2020,22.804001,11782500,25.76,1817000,62.41,6479100
11/12/2020,21.921333,11928000,26.700001,1820600,60.650002,8259300
11/13/2020,22.734667,10963500,25.700001,1626800,63.119999,6005800
11/16/2020,24.411333,12468000,23.780001,1464200,65.5,6675900
11/17/2020,23.816668,9009000,24.4,1363400,64.449997,5704100
11/18/2020,23.311333,10455000,24.93,1868300,62.16,6593600
11/19/2020,24.393333,8220000,23.790001,1630500,62.889999,6654200
11/20/2020,23.997334,11338500,24.120001,1814400,61.619999,5352700
11/23/2020,25.083332,11436000,23.02,1898500,62.759998,7247900
11/24/2020,25.488667,9943500,22.65,1405900,65.699997,6838000
11/25/2020,25.216,6964500,22.889999,1127500,65.419998,4655800
11/27/2020,26.084,8937000,22.08,1413200,65.980003,2806700
11/30/2020,27.064667,10632000,21.17,1874000,65.089996,6640300
12/1/2020,28.500668,12735000,20.139999,2848800,67.190002,6031700
12/2/2020,28.717333,7210500,20,1802400,67.599998,4510900
12/3/2020,28.760668,7801500,19.959999,1951100,67.550003,5734200
12/4/2020,31.154667,10473000,18.26,3935200,69.360001,3693900
12/7/2020,31.562,8889000,18.030001,2179300,68.910004,5499000
12/8/2020,31.959999,6286500,17.809999,2031300,69.459999,4139500
12/9/2020,29.226667,19231500,19.35,4717700,67.650002,7367600
12/10/2020,29.17,11490000,19.42,2858900,67.529999,6084100
12/11/2020,28.163334,13248000,19.959999,3885900,67.279999,6074500
12/14/2020,29.224001,10854000,19.280001,2134400,66.389999,6322200
12/15/2020,30.442667,7351500,18.459999,1784500,69.059998,5789800
12/16/2020,30.375334,6372000,18.49,1147800,69.400002,4884700
12/17/2020,30.538,6106500,18.379999,1117900,70.610001,4843000
12/18/2020,30.139334,8797500,18.65,1799400,69.709999,8421500
12/21/2020,29.546,11620500,18.99,2173100,69.010002,8951500
12/22/2020,29.433332,6235500,19.030001,1024300,68.519997,4767900
12/23/2020,28.822001,4338000,19.5,775000,68.639999,4395400
12/24/2020,29.653999,2637000,18.93,510000,69.5,2141500
12/28/2020,29.485332,7542000,18.99,1122400,71.260002,3672000
12/29/2020,29.258667,7833000,19.129999,1669000,70.879997,4877600
12/30/2020,30.771334,7807500,18.17,1696900,71.120003,3954000
12/31/2020,31.098667,5871000,17.940001,1872200,72.25,4344600
1/4/2021,30.669333,17731500,18.17,5186500,69.260002,10399100
1/5/2021,32.445999,8538000,17.129999,2511800,70.660004,5779400
1/6/2021,32.207333,16782000,17.280001,3925600,71.959999,10308400
1/7/2021,35.756668,10443000,15.34,3660300,75.099998,6081900
1/8/2021,35.786667,13090500,15.3,4755500,76.379997,8231200
1/11/2021,37.09,9625500,14.8,4156100,74.949997,5204200
1/12/2021,37.818668,10501500,14.49,4640900,74.919998,5294700
1/13/2021,37.919334,6897000,14.46,2462300,75.510002,4337700
1/14/2021,40.386665,11373000,13.54,6570800,74.650002,4815300
1/15/2021,37.824001,16302000,14.34,5938200,73.019997,7941200
1/19/2021,41.666668,13351500,12.9,4680500,74.769997,4525700
1/20/2021,41.319332,11220000,13.02,3010900,77.860001,4339500
1/21/2021,43.158669,11056500,12.42,3541200,78.059998,3733800
1/22/2021,40.790001,12573000,13.09,4513200,77.230003,4572900
1/25/2021,40.965332,12499500,13.04,4231600,78.150002,6982100
1/26/2021,39.055332,7641000,13.65,3078900,77.769997,4137300
1/27/2021,33.144001,25056000,15.75,12650800,72.089996,9762600
1/28/2021,35.133999,16110000,14.78,5174600,73.82,6690500
1/29/2021,33.400665,15256500,15.47,4489900,69.529999,11141400
2/1/2021,37.348,13749000,13.67,3705200,72.910004,6123600
2/2/2021,39.048,10789500,12.99,3391600,76.019997,5584900
2/3/2021,36.632668,14184000,13.83,3243000,76.209999,5206000
2/4/2021,37.537998,8400000,13.46,2425700,78.75,3503600
2/5/2021,36.722668,8242500,13.77,2075400,79.690002,4033400
2/8/2021,40.133331,17278500,12.49,3126700,81.449997,4063700
2/9/2021,39.622002,8659500,12.65,2521700,81.25,4079200
2/10/2021,39.996666,15432000,12.51,4304900,81.150002,6039900
2/11/2021,44.164665,20781000,11.25,6794400,81.550003,5392100
2/12/2021,45.771999,15841500,10.79,4232300,82.779999,3949200
2/16/2021,46.582001,14367000,10.64,4170500,82.580002,6154500
2/17/2021,44.010666,19341000,11.19,5352900,82.599998,4777300
2/18/2021,42.685333,15594000,11.53,4768100,81.519997,5171700
2/19/2021,45.798668,23602500,10.67,5948900,81.07,5124000
2/22/2021,40.806667,22419000,11.88,5135600,79.239998,4351800
2/23/2021,39.978668,27033000,12.1,10666000,79.470001,6583100
2/24/2021,43.745335,17964000,10.91,6053300,82.080002,6382600
2/25/2021,36.218666,35817000,12.87,11531400,76.18,13883600
2/26/2021,38.710667,29536500,11.93,9804300,75.010002,12274600
3/1/2021,42.557999,24520500,10.74,4438300,80.419998,6432600
3/2/2021,38.549999,19687700,11.74,5685900,78.599998,8959700
3/3/2021,35.009998,21749000,12.83,8885300,75.43,11587200
3/4/2021,29.98,34294300,14.71,22884300,72.650002,13825200
3/5/2021,32.75,30945800,13.3,20104900,76.580002,11367200
3/8/2021,27.52,28761200,15.45,14186800,75.5,11133000
3/9/2021,32.450001,19994900,12.62,12063700,78.639999,7307700
3/10/2021,30.719999,19953500,13.29,13922600,80.129997,10854700
3/11/2021,34.470001,19094300,11.65,9160800,82.559998,6294700
3/12/2021,33.419998,17047600,12.02,9692100,82.959999,4387100
3/15/2021,35.57,15325300,11.2,5986400,84.470001,4397700
3/16/2021,36.98,27404900,10.8,12347600,84.139999,5613900
3/17/2021,38.419998,21743500,10.36,11605700,84.849998,6306200
3/18/2021,33.709999,25749000,11.69,11731400,81.230003,7681300
3/19/2021,34.75,20615000,11.25,10983500,80.790001,5342600
3/22/2021,37,23763800,10.51,9900100,82.709999,4675500
3/23/2021,34.029999,26947000,11.36,9581600,80.68,6476200
3/24/2021,32.59,26195900,11.83,11047800,79.480003,6981000
3/25/2021,32.810001,30291400,11.75,17403800,80.849998,9654100
3/26/2021,37.689999,35670300,10.03,14737500,84.629997,7596900
3/29/2021,35.790001,28422700,10.53,9637500,84.580002,6790300
3/30/2021,35.52,17926000,10.6,4804200,84,6451500
3/31/2021,38.209999,25362500,9.77,11498000,84.949997,5711800
4/1/2021,42.41,27795500,8.71,10651700,87.540001,5257200
4/5/2021,45,26445800,8.19,10183100,91.440002,6772500
4/6/2021,43.380001,17961500,8.44,10748700,91.160004,4874200
4/7/2021,43.380001,12421800,8.47,7710400,91.5,4245400
4/8/2021,44.790001,12957100,8.18,6339800,92.82,4374900
4/9/2021,44.48,10748500,8.22,4932900,94.809998,4825000
4/12/2021,43.09,14926000,8.5,6281800,94.919998,4585000
4/13/2021,42.689999,14056400,8.55,5019700,95.800003,4530900
4/14/2021,41.27,12838600,8.86,5197700,94.900002,6974200
4/15/2021,43.470001,13642000,8.39,5391800,97.900002,5868800
4/16/2021,42.75,11016200,8.52,4140500,98.919998,5883200
4/19/2021,39.599998,20268200,9.16,10017100,97.379997,6569000
4/20/2021,37.709999,13892000,9.59,8771400,95.230003,5531200
4/21/2021,40.75,15160200,8.8,6067100,97.910004,5421100
4/22/2021,37.98,20962100,9.42,11242300,95.290001,9592600
4/23/2021,40.150002,13212600,8.85,6459800,98.260002,6281500
4/26/2021,42.209999,13528500,8.42,4953600,98.910004,5203300
4/27/2021,41.34,12557200,8.57,6922100,98.800003,4371200
4/28/2021,39.419998,12753600,8.95,4977000,98.730003,6045100
4/29/2021,40.310001,14812500,8.77,6672500,100.57,6930800
4/30/2021,36.900002,19385800,9.52,7270600,98.720001,6643500
5/3/2021,35.610001,13899900,9.85,5748700,99.239998,5373300
5/4/2021,33.970001,24428000,10.31,11116300,97.43,9295200
5/5/2021,34.549999,16034800,10.14,8088000,97.480003,5328000
5/6/2021,35.400002,15387300,9.89,7858500,99.800003,8629800
5/7/2021,36.93,16784600,9.45,6090100,102.010002,7394300
5/10/2021,31.93,25439800,10.76,8259600,99.050003,6543400
5/11/2021,32.110001,29951300,10.65,16115300,96.410004,11566900
5/12/2021,28.129999,34045700,12.01,18053600,90.150002,11115300
5/13/2021,29.33,25520000,11.42,13719500,93.389999,12278900
5/14/2021,31.93,21881300,10.42,10697800,97.760002,7710100
5/17/2021,31.1,19224800,10.66,10268100,96.940002,6784400
5/18/2021,30.290001,15262600,10.96,5997500,94.510002,5095600
5/19/2021,32.049999,29208700,10.29,13999000,93.769997,9320300
5/20/2021,34.639999,28593200,9.47,9880900,96.690002,6486300
5/21/2021,34.139999,25100300,9.59,10600800,96.440002,6723900
5/24/2021,36.529999,21577500,8.94,8571300,99.43,4733200
5/25/2021,36.939999,19468200,8.86,11879800,98.809998,5095800
5/26/2021,37.18,13436700,8.77,6867200,99.360001,3839100
5/27/2021,37.860001,16449400,8.61,7065300,99.449997,4152700
5/28/2021,38.779999,15891400,8.41,6123500,100.050003,3759400
6/1/2021,38.34,18159400,8.51,9640300,99.779999,6089700
6/2/2021,39.189999,12370500,8.31,7281200,100.209999,4976400
6/3/2021,37.119999,16945800,8.74,11761000,99.120003,5713700
6/4/2021,39.740002,15960500,8.13,11482600,101.790001,3660300
6/7/2021,38.91,11453800,8.29,8129800,101.580002,3352300
6/8/2021,38.169998,13475800,8.44,7467200,101.580002,5199000
6/9/2021,37.700001,11721000,8.55,4599300,101.110001,4502000
6/10/2021,39.040001,17601900,8.25,9183700,102.519997,5926500
6/11/2021,39.490002,7971500,8.16,4509100,103.029999,3100400
6/14/2021,41.169998,18513300,7.81,8341100,103.720001,3112600
6/15/2021,40.040001,13301400,8.02,7204500,103.120003,4107900
6/16/2021,39.18,18089300,8.18,9288600,101.360001,6908000
6/17/2021,40.310001,18466200,7.96,9197200,101.32,6386400
6/18/2021,37.32,21346600,8.52,10041900,97.209999,8814300
6/21/2021,38.119999,12722000,8.35,9370100,101.400002,6806300
6/22/2021,38.599998,10500400,8.24,6562200,102.889999,4563700
6/23/2021,39.049999,8615400,8.17,4109200,102.580002,4695100
6/24/2021,41.080002,12716800,7.74,8139600,104.389999,4456500
6/25/2021,40.66,9244100,7.81,5237100,105.43,4216000
6/28/2021,43.650002,18209300,7.23,10399300,106.129997,5005200
6/29/2021,44.639999,13090200,7.05,7925000,106.18,3014800
6/30/2021,44.540001,9830900,7.07,6571700,106.580002,3709200
7/1/2021,42.57,11578200,7.39,7099600,108.290001,3204300
7/2/2021,43.32,10933300,7.25,4825800,110.779999,3785400
7/6/2021,43.040001,10020300,7.3,8344000,110.080002,6158700
7/7/2021,41.240002,10623800,7.6,7065700,111.290001,5539000
7/8/2021,39.779999,14764300,7.87,9731500,108.510002,7673200
7/9/2021,41.77,9799600,7.47,6060700,111.959999,4569100
7/12/2021,43.330002,9021800,7.2,5012400,113.269997,4352100
7/13/2021,42.619999,9289300,7.32,6595600,112.099998,6289500
7/14/2021,42.16,15361500,7.4,11550500,112.440002,5660500
7/15/2021,39.419998,14968000,7.87,10625000,111.419998,7281300
7/16/2021,36.759998,14425600,8.41,11815700,108.75,6291800
7/19/2021,36.84,17527800,8.4,15701000,104.040001,13982800
7/20/2021,38.34,12487200,8.04,10977600,108.449997,8119200
7/21/2021,41.849998,12599700,7.3,10489300,111.029999,4571300
7/22/2021,40.740002,8148900,7.51,6671400,111.739998,3831300
7/23/2021,41.549999,8740400,7.34,5499700,115.120003,5189100
7/26/2021,41.450001,7703500,7.37,4873400,115.949997,3245500
7/27/2021,39.150002,17917400,7.77,12165500,114.300003,6186400
7/28/2021,41.18,12983000,7.36,10087900,114.230003,5684900
7/29/2021,43.450001,15318400,6.97,13351900,115.690002,4976100
7/30/2021,44.389999,13564000,6.82,12394400,113.879997,4165000
8/2/2021,45.209999,17018600,6.69,13527200,113.269997,4638900
8/3/2021,45.970001,10801400,6.57,12346000,115.980003,5010800
8/4/2021,47.610001,13768900,6.35,15532700,114.300003,4198000
8/5/2021,47.169998,8580700,6.38,8916000,116.339996,3082300
8/6/2021,46.630001,6178100,6.45,6321700,117.029999,3265700
8/9/2021,46.150002,5943700,6.53,5841300,116.709999,3102900
8/10/2021,44.450001,9994500,6.75,7509700,117.110001,4221500
8/11/2021,44.169998,10016600,6.81,8857100,117.970001,3684400
8/12/2021,42.619999,9746100,7.04,7155900,118.959999,4313200
8/13/2021,43.48,7644700,6.9,5043000,119.669998,2977600
8/16/2021,43.009998,6658600,6.98,6215400,120.57,5006900
8/17/2021,40.459999,13983700,7.38,12972300,118.129997,7677600
8/18/2021,38.66,10760100,7.72,8379000,114.220001,8226600
8/19/2021,39.630001,14855300,7.53,15185500,114.82,12093900
8/20/2021,40.43,10710700,7.36,6509300,117.580002,7769100
8/23/2021,43.689999,12229000,6.78,8021600,120.540001,5414700
8/24/2021,43.73,8557100,6.75,4539500,121.199997,3534900
8/25/2021,44.779999,10125800,6.61,7022500,121.940002,3057100
8/26/2021,44.68,9529400,6.6,6601600,119.760002,6338500
8/27/2021,47.299999,12339800,6.22,9921100,122.93,6338600
8/30/2021,47.740002,10291100,6.16,9179900,124.589996,3879400
8/31/2021,46.549999,9620800,6.3,10993700,124.080002,4874800
9/1/2021,45.959999,7246900,6.4,7076100,124.400002,5289100
9/2/2021,46.299999,7168600,6.35,6104300,125.419998,4795300
9/3/2021,47.240002,7374000,6.21,7628300,125.269997,3796200
9/7/2021,46.77,5660800,6.28,5251000,123.980003,4966900
9/8/2021,44.950001,11787400,6.51,12043000,123.459999,7544500
9/9/2021,45.549999,8643000,6.44,7928300,121.760002,6556100
9/10/2021,46.59,14392000,6.28,21590000,119.019997,6172500
9/13/2021,47.869999,11356400,6.12,14258700,119.839996,6312000
9/14/2021,47.869999,10129200,6.09,16526300,117.940002,6883700
9/15/2021,48.59,9321800,6.02,11066000,120.860001,6201100
9/16/2021,49.07,9094400,5.97,14421200,120.220001,5749400
9/17/2021,46.75,14452300,6.24,14966800,116.85,8411700
